task_id	hash	native_id	name	status	exit	submit	duration	realtime	%cpu	peak_rss	peak_vmem	rchar	wchar
1	ae/951dfb	1529034	NFCORE_RNASEQ:PREPARE_GENOME:SAMTOOLS_FAIDX (GRCh38.primary_assembly.genome.fa)	COMPLETED	0	2026-09-05 02:06:36.811	7.2s	5.9s	95.7%	5.6 MB	11.2 MB	2.9 GB	11.9 KB
2	73/514e12	1529054	NFCORE_RNASEQ:PREPARE_GENOME:CUSTOM_GTFFILTER (gencode.v49.primary_assembly.annotation.filtered)	COMPLETED	0	2026-09-05 02:06:36.816	18.3s	16.9s	81.7%	12.1 MB	15.1 MB	6 GB	3.1 GB
5	77/161c3a	1530829	NFCORE_RNASEQ:PREPARE_GENOME:EAUTILS_GTF2BED (gencode.v49.primary_assembly.annotation.filtered)	COMPLETED	0	2026-09-05 02:06:55.126	27s	26.5s	100.1%	7.9 GB	7.9 GB	3.1 GB	65.6 MB
4	8b/ca04bc	1530803	NFCORE_RNASEQ:PREPARE_GENOME:MAKE_TRANSCRIPTS_FASTA (rsem/GRCh38.primary_assembly.genome.fa)	COMPLETED	0	2026-09-05 02:06:55.105	36.8s	35.7s	100.1%	3.3 GB	3.5 GB	7.7 GB	4.6 GB
3	42/e0973f	1529025	NFCORE_RNASEQ:RNASEQ:FASTQ_QC_TRIM_FILTER_SETSTRANDEDNESS:FQ_LINT (NA12716_full)	COMPLETED	0	2026-09-05 02:06:36.804	2m 43s	2m 42s	100.1%	219.4 MB	222.7 MB	14.2 GB	1.7 KB
6	fc/edb4c4	1535248	NFCORE_RNASEQ:RNASEQ:FASTQ_QC_TRIM_FILTER_SETSTRANDEDNESS:FASTQ_FASTQC_UMITOOLS_TRIMGALORE:FASTQC (NA12716_full)	COMPLETED	0	2026-09-05 02:09:19.583	3m 22s	3m 21s	199.6%	3.7 GB	15.4 GB	9.5 GB	4.6 MB
7	42/c3f1a9	1535236	NFCORE_RNASEQ:RNASEQ:FASTQ_QC_TRIM_FILTER_SETSTRANDEDNESS:FASTQ_FASTQC_UMITOOLS_TRIMGALORE:TRIMGALORE (NA12716_full)	COMPLETED	0	2026-09-05 02:09:19.574	5m 6s	5m 6s	203.1%	91.1 MB	747.2 MB	24.4 GB	14.8 GB
8	d6/b1df74	1541751	NFCORE_RNASEQ:RNASEQ:FASTQ_QC_TRIM_FILTER_SETSTRANDEDNESS:FQ_LINT_AFTER_TRIMMING (NA12716_full)	COMPLETED	0	2026-09-05 02:14:25.571	2m 42s	2m 42s	100.1%	219.4 MB	222.7 MB	22.2 GB	1.7 KB
9	af/6867d3	1544286	NFCORE_RNASEQ:RNASEQ:FASTQ_QC_TRIM_FILTER_SETSTRANDEDNESS:FASTQ_SUBSAMPLE_FQ_SALMON:FQ_SUBSAMPLE (NA12716_full)	COMPLETED	0	2026-09-05 02:17:07.578	2m 8s	2m 7s	99.9%	16.5 MB	20 MB	22.2 GB	126.2 MB
10	86/2859c6	1546259	NFCORE_RNASEQ:RNASEQ:FASTQ_QC_TRIM_FILTER_SETSTRANDEDNESS:FASTQ_SUBSAMPLE_FQ_SALMON:SALMON_QUANT (NA12716_full)	COMPLETED	0	2026-09-05 02:19:15.161	23.7s	23.4s	252.4%	18.6 GB	22.2 GB	17.1 GB	2.1 MB
11	d4/03324a	1547253	NFCORE_RNASEQ:RNASEQ:ALIGN_STAR:STAR_ALIGN (NA12716_full)	COMPLETED	0	2026-09-05 02:19:38.939	15m 41s	15m 41s	745.9%	38.6 GB	40.4 GB	127.5 GB	113.7 GB
12	e1/083da2	1569781	NFCORE_RNASEQ:RNASEQ:ALIGN_STAR:BAM_SORT_STATS_SAMTOOLS:SAMTOOLS_SORT (NA12716_full)	COMPLETED	0	2026-09-05 02:35:19.880	2m 22s	2m 22s	498.9%	5.3 GB	6.6 GB	37.4 GB	32.6 GB
14	a6/50f714	1598455	NFCORE_RNASEQ:RNASEQ:ALIGN_STAR:BAM_SORT_STATS_SAMTOOLS:SAMTOOLS_INDEX (NA12716_full)	COMPLETED	0	2026-09-05 02:37:42.395	20.7s	20.4s	268.2%	52.9 MB	282.8 MB	9 GB	4.4 MB
15	3d/07c256	1600366	NFCORE_RNASEQ:RNASEQ:ALIGN_STAR:BAM_SORT_STATS_SAMTOOLS:BAM_STATS_SAMTOOLS:SAMTOOLS_IDXSTATS (NA12716_full)	COMPLETED	0	2026-09-05 02:38:03.151	557ms	35ms	88.9%	3.2 MB	4.4 MB	4.5 MB	6.5 KB
17	f8/fcd3b4	1600337	NFCORE_RNASEQ:RNASEQ:ALIGN_STAR:BAM_SORT_STATS_SAMTOOLS:BAM_STATS_SAMTOOLS:SAMTOOLS_FLAGSTAT (NA12716_full)	COMPLETED	0	2026-09-05 02:38:03.138	36.5s	36.1s	138.9%	6.8 MB	220.2 MB	9 GB	2.9 KB
16	d6/3e2ad8	1600349	NFCORE_RNASEQ:RNASEQ:ALIGN_STAR:BAM_SORT_STATS_SAMTOOLS:BAM_STATS_SAMTOOLS:SAMTOOLS_STATS (NA12716_full)	COMPLETED	0	2026-09-05 02:38:03.145	1m 37s	1m 37s	152.8%	8.6 MB	221.7 MB	9 GB	262.4 KB
13	39/70bd8c	1598432	NFCORE_RNASEQ:RNASEQ:QUANTIFY_BAM_SALMON:SALMON_QUANT (NA12716_full)	COMPLETED	0	2026-09-05 02:37:42.382	8m 49s	8m 48s	864.9%	16.3 GB	17.3 GB	40.1 GB	28 MB
19	50/11eda8	1608935	NFCORE_RNASEQ:RNASEQ:QUANTIFY_BAM_SALMON:QUANT_TXIMPORT_SUMMARIZEDEXPERIMENT:CUSTOM_TX2GENE (null)	COMPLETED	0	2026-09-05 02:46:31.312	1m 31s	1m 30s	100.1%	119.7 MB	123.4 MB	6.2 GB	22.2 MB
20	4e/bbd15a	1612406	NFCORE_RNASEQ:RNASEQ:QUANTIFY_BAM_SALMON:QUANT_TXIMPORT_SUMMARIZEDEXPERIMENT:TXIMETA_TXIMPORT (all_samples)	COMPLETED	0	2026-09-05 02:48:02.163	18.7s	18.2s	105.4%	945.3 MB	1.8 GB	76.1 MB	96.8 MB
21	59/57bfee	1614521	NFCORE_RNASEQ:RNASEQ:DESEQ2_QC_BAM_SALMON	COMPLETED	0	2026-09-05 02:48:20.873	6.6s	6.1s	150.4%	624.2 MB	1.5 GB	77.3 MB	1.1 MB
23	38/0af971	1614549	NFCORE_RNASEQ:RNASEQ:QUANTIFY_BAM_SALMON:QUANT_TXIMPORT_SUMMARIZEDEXPERIMENT:SE_GENE_UNIFIED (all_samples)	COMPLETED	0	2026-09-05 02:48:20.895	15.9s	15.5s	104.6%	802.7 MB	1.7 GB	67.2 MB	5 MB
22	88/83426b	1616272	NFCORE_RNASEQ:RNASEQ:QUANTIFY_BAM_SALMON:QUANT_TXIMPORT_SUMMARIZEDEXPERIMENT:SE_TRANSCRIPT_UNIFIED (all_samples)	COMPLETED	0	2026-09-05 02:48:27.461	1m 6s	1m 5s	101.6%	1.1 GB	2 GB	114.4 MB	13.6 MB
18	e2/3c29a1	1608897	NFCORE_RNASEQ:RNASEQ:BAM_MARKDUPLICATES_PICARD:PICARD_MARKDUPLICATES (NA12716_full)	COMPLETED	0	2026-09-05 02:46:31.277	18m 7s	18m 6s	118.2%	26.7 GB	35.8 GB	19.5 GB	10.9 GB
25	77/26242d	1630668	NFCORE_RNASEQ:RNASEQ:BAM_MARKDUPLICATES_PICARD:SAMTOOLS_INDEX (NA12716_full)	COMPLETED	0	2026-09-05 03:04:38.357	17.6s	16.2s	276.5%	64.6 MB	297.2 MB	9.5 GB	4.4 MB
28	ce/c78bbc	1633282	NFCORE_RNASEQ:RNASEQ:BAM_MARKDUPLICATES_PICARD:BAM_STATS_SAMTOOLS:SAMTOOLS_IDXSTATS (NA12716_full)	COMPLETED	0	2026-09-05 03:04:55.925	486ms	27ms	117.6%	3.2 MB	4.4 MB	4.5 MB	6.6 KB
27	2e/b29d93	1633292	NFCORE_RNASEQ:RNASEQ:BAM_MARKDUPLICATES_PICARD:BAM_STATS_SAMTOOLS:SAMTOOLS_FLAGSTAT (NA12716_full)	COMPLETED	0	2026-09-05 03:04:55.932	33.8s	33.3s	143.1%	6.8 MB	220.2 MB	9.5 GB	3 KB
29	29/60671c	1633349	NFCORE_RNASEQ:RNASEQ:BAM_MARKDUPLICATES_PICARD:BAM_STATS_SAMTOOLS:SAMTOOLS_STATS (NA12716_full)	COMPLETED	0	2026-09-05 03:04:55.947	1m 39s	1m 38s	151.0%	8.6 MB	221.7 MB	9.5 GB	262.4 KB
26	2a/66e0eb	1630651	NFCORE_RNASEQ:RNASEQ:BEDTOOLS_GENOMECOV_COMBINED (NA12716_full)	COMPLETED	0	2026-09-05 03:04:38.350	3m 53s	3m 52s	103.4%	3.7 GB	4.9 GB	10.4 GB	1.7 GB
24	e1/204d6c	1630687	NFCORE_RNASEQ:RNASEQ:STRINGTIE_STRINGTIE (NA12716_full)	COMPLETED	0	2026-09-05 03:04:38.364	4m 16s	4m 15s	152.4%	2 GB	2.1 GB	13.1 GB	1.3 GB
35	6f/a58dce	1633322	NFCORE_RNASEQ:RNASEQ:BAM_QC_RNASEQ:BAM_RSEQC:RSEQC_JUNCTIONSATURATION (NA12716_full)	COMPLETED	0	2026-09-05 03:04:55.940	4m 56s	4m 55s	101.4%	2 GB	2.9 GB	9.6 GB	28.1 KB
33	29/c9056d	1651339	NFCORE_RNASEQ:RNASEQ:BAM_QC_RNASEQ:BAM_RSEQC:RSEQC_INFEREXPERIMENT (NA12716_full)	COMPLETED	0	2026-09-05 03:09:51.525	2.9s	2.4s	188.4%	103.4 MB	944 MB	147.2 MB	676 B
32	3a/9ccfed	1641088	NFCORE_RNASEQ:RNASEQ:BAM_QC_RNASEQ:BAM_RSEQC:RSEQC_READDISTRIBUTION (NA12716_full)	COMPLETED	0	2026-09-05 03:06:34.581	5m 17s	5m 17s	100.8%	1.7 GB	2.6 GB	10.2 GB	1.6 KB
38	0a/3e4aab	1656773	NFCORE_RNASEQ:RNASEQ:BAM_QC_RNASEQ:SUBREAD_FEATURECOUNTS (NA12716_full)	COMPLETED	0	2026-09-05 03:11:51.738	1m 25s	1m 24s	198.0%	473.4 MB	1.4 GB	12.6 GB	90.8 MB
41	99/cf5e75	1662027	NFCORE_RNASEQ:RNASEQ:BAM_QC_RNASEQ:CUSTOM_MULTIQCCUSTOMBIOTYPE (NA12716_full)	COMPLETED	0	2026-09-05 03:13:17.605	615ms	234ms	94.8%	2.2 MB	9.8 MB	91.9 MB	1.7 KB
37	04/60c1e3	1651870	NFCORE_RNASEQ:RNASEQ:BAM_QC_RNASEQ:BAM_RSEQC:RSEQC_BAMSTAT (NA12716_full)	COMPLETED	0	2026-09-05 03:09:54.388	4m 40s	4m 39s	100.7%	48.4 MB	888.9 MB	9.5 GB	1.2 KB
36	a8/c9390b	1648579	NFCORE_RNASEQ:RNASEQ:BAM_QC_RNASEQ:BAM_RSEQC:RSEQC_READDUPLICATION (NA12716_full)	COMPLETED	0	2026-09-05 03:08:54.489	7m 49s	7m 48s	100.7%	11.9 GB	12.8 GB	9.5 GB	1 MB
34	91/5774f1	1661642	NFCORE_RNASEQ:RNASEQ:BAM_QC_RNASEQ:BAM_RSEQC:RSEQC_JUNCTIONANNOTATION (NA12716_full)	COMPLETED	0	2026-09-05 03:13:16.597	3m 54s	3m 54s	101.7%	151.5 MB	999 MB	9.6 GB	81.7 MB
40	24/33a502	1676957	NFCORE_RNASEQ:RNASEQ:BEDGRAPH_BEDCLIP_BEDGRAPHTOBIGWIG_COMBINED:UCSC_BEDCLIP (NA12716_full)	COMPLETED	0	2026-09-05 03:17:10.724	5.3s	4.8s	100.5%	8.8 MB	21.4 MB	864.4 MB	864.3 MB
39	25/16555f	1674886	NFCORE_RNASEQ:RNASEQ:BAM_QC_RNASEQ:BAM_RSEQC:RSEQC_INNERDISTANCE (NA12716_full)	COMPLETED	0	2026-09-05 03:16:43.411	38.6s	38.2s	106.4%	1.4 GB	2.3 GB	362.5 MB	54 MB
30	68/891e12	1667336	NFCORE_RNASEQ:RNASEQ:BAM_QC_RNASEQ:SAMTOOLS_SORT_QUALIMAP (NA12716_full)	COMPLETED	0	2026-09-05 03:14:34.240	3m 4s	3m 4s	529.6%	5.3 GB	6.7 GB	33 GB	36.5 GB
42	29/0ff0c6	1677607	NFCORE_RNASEQ:RNASEQ:BEDGRAPH_BEDCLIP_BEDGRAPHTOBIGWIG_COMBINED:UCSC_BEDGRAPHTOBIGWIG (NA12716_full)	COMPLETED	0	2026-09-05 03:17:16.082	27.5s	27.1s	100.9%	86.2 MB	103.1 MB	2.5 GB	173.3 MB
31	13/c07a26	1633377	NFCORE_RNASEQ:RNASEQ:BAM_QC_RNASEQ:DUPRADAR (NA12716_full)	COMPLETED	0	2026-09-05 03:04:55.956	14m 44s	14m 44s	101.2%	768.6 MB	1.9 GB	100.2 GB	38.3 GB
43	58/ef39d9	1679033	NFCORE_RNASEQ:RNASEQ:BAM_QC_RNASEQ:QUALIMAP_RNASEQ (NA12716_full)	COMPLETED	0	2026-09-05 03:17:38.670	33m 19s	33m 17s	103.5%	17.8 GB	33.8 GB	16.2 GB	585.2 KB
44	db/9344fb	1722187	NFCORE_RNASEQ:RNASEQ:MULTIQC_RNASEQ:MULTIQC (multiqc_report)	COMPLETED	0	2026-09-05 03:50:57.342	13.8s	13.3s	138.4%	1.1 GB	16.3 GB	135.3 MB	52.9 MB
